rgn_id,year,trend
6,2010,0.000292449
7,2010,-0.008438821
