rgn_id,year,trend
6,2010,0.006814894
7,2010,-0.002443092
