rgn_id,year,pressure_score
6,1990,0.50582
6,2001,0.35248
6,2010,0.11613
7,1990,0.52111
7,2001,0.46253
7,2010,0.10575
