rgn_id,year,trend
6,2017,0.452395374
7,2017,-1.503209681
