rgn_id,year,trend
1,2020,-0.552901812956269
2,2020,-0.552901812956269
