rgn_id,year,trend
6,2010,0.148796161
7,2010,0.084833536
