rgn_id,score
1,-0.00134276
2,-0.00134276
