rgn_id,score
6,-0.004867257
7,-0.004867257
