rgn_id,year,score
6,2019,0.948249027
7,2019,0.948249027
