rgn_id,habitat,year,trend
1,mangrove,2015,0.120274986549539
1,mangrove,2020,0.356279976967502
2,mangrove,2015,0.0703521982660137
2,mangrove,2020,0.155838606401626
