rgn_id,value
6,0.916667
7,0.666667
