rgn_id,year,trend
6,2018,0.951929496
6,2019,0.951929496
7,2018,0.934287244
7,2019,0.934287244
