rgn_id,year,S_score
1,2019,4.167020524
2,2019,4.167020524
