rgn_id,year,Ep
1,2005,0.012385
1,2006,0.016782
1,2007,0.012210
1,2008,0.015275
1,2009,0.013954
1,2010,0.012010
1,2011,0.011079
1,2012,0.012882
1,2013,0.025007
1,2014,0.034438
1,2015,0.026231
1,2016,0.027870
1,2017,0.032064
1,2018,0.027806
1,2019,0.033029
