rgn_id,value
6,0.666667
7,0.666667
