rgn_id,year,value
1,2007,0.721000
1,2009,0.658501
1,2013,0.792900
1,2018,0.741962
2,2007,0.587000
2,2009,0.581832
2,2013,0.500400
2,2018,0.665858
