rgn_id,year,value
1,2007,0.657507
1,2009,1.000000
1,2013,0.866105
1,2018,1.000000
2,2007,0.973299
2,2009,1.000000
2,2013,1.000000
2,2018,1.000000
