rgn_id,year,value
1,2007,0.279000
1,2009,0.341499
1,2013,0.207100
1,2018,0.258038
2,2007,0.413000
2,2009,0.418168
2,2013,0.499600
2,2018,0.334142
