rgn_id,year,pressure_score
1,2012,0.0853071761140797
1,2013,0.0290816337495803
1,2014,0.0339008154965561
1,2015,0.223825002165948
1,2016,0.247860727947349
1,2017,0.261995953182691
2,2012,0.0853071761140797
2,2013,0.0290816337495803
2,2014,0.0339008154965561
2,2015,0.223825002165948
2,2016,0.247860727947349
2,2017,0.261995953182691
