rgn_id,year,trend
1,2013,-1
1,2014,0.52977114
1,2015,0.85527967
1,2016,1
1,2017,1
2,2013,-1
2,2014,-0.09233033
2,2015,1
2,2016,1
2,2017,1
