rgn_id,year,trend
1,2016,-0.768557981
1,2017,-1
2,2016,-0.768557981
2,2017,-1
