rgn_id,year,trend
1,2017,-0.085279707
2,2017,-0.167952232
