rgn_id,year,trend
1,2020,-0.124296237356384
2,2020,-0.124296237356384
