rgn_id,year,trend
1,2016,0.313114223
2,2016,0.313114223
