rgn_id,year,trend
1,2016,0.309731250133324
2,2016,0.309731250133324
