rgn_id,year,trend
1,2017,0.151394184047245
2,2017,0.119326082320324
