rgn_id,year,pressure_score
1,2007,0.0594625228851403
1,2008,0.0578345008445698
1,2009,0.0580151954960371
1,2010,0.0543689103960203
1,2011,0.0517629107834711
1,2012,0.0531618700177155
1,2013,0.0538512865157224
1,2014,0.0536099676696864
1,2015,0.0550531135011395
2,2007,0.0594625228851403
2,2008,0.0578345008445698
2,2009,0.0580151954960371
2,2010,0.0543689103960203
2,2011,0.0517629107834711
2,2012,0.0531618700177155
2,2013,0.0538512865157224
2,2014,0.0536099676696864
2,2015,0.0550531135011395
