rgn_id,year,resilience.score
1,2009,0.721033704
1,2010,0.721033704
1,2011,0.721033704
1,2012,0.721033704
1,2013,0.721033704
1,2014,0.721033704
1,2015,0.721033704
1,2016,0.721033704
1,2017,0.721033704
1,2018,0.721033704
1,2019,0.721033704
1,2020,0.721033704
2,2009,0
2,2010,0
2,2011,0
2,2012,0
2,2013,0
2,2014,0
2,2015,0
2,2016,0
2,2017,0
2,2018,0
2,2019,0
2,2020,0
