rgn_id,value
1,0.555771907253878
2,0.555771907253878
