rgn_id,resilience.score
1,0.833333333
2,0.833333333
