rgn_id,habitat,year,health
1,mangrove,2012,0.741379310344828
2,mangrove,2012,0.741379310344828
