rgn_id,habitat,year,health
1,mangrove,1984 ,1.001388889
1,mangrove,1987 ,1.001388889
1,mangrove,1991 ,1.001388889
1,mangrove,1995 ,0.893055556
1,mangrove,1999 ,0.255972222
1,mangrove, 2006 ,0.223203521
1,mangrove,2016 ,0.209888889
2,mangrove,1984 ,0.668814209
2,mangrove,1987 ,0.530524116
2,mangrove,1991 ,0.454850775
2,mangrove,1995 ,0.281269023
2,mangrove,1999 ,0.16819711
2,mangrove, 2006 ,0.236969898
2,mangrove,2016 ,0.195334905
