rgn_id,year,habitat,km2
1,2016,mangrove,31.43702778
2,2016,mangrove,31.43702778
