rgn_id,resilience.score
1,0.727272727
2,0.727272727
