rgn_id,resilience.score
1,0.611886382
2,0.611886382
