rgn_id,year,trend
1,2018,0.951929496
1,2019,0.951929496
2,2018,0.934287244
2,2019,0.934287244
