rgn_id,year,pressure_score
1,2015,1
1,2016,1
1,2017,0.45985261
1,2019,0.476475373
1,2020,0.148330092
2,2015,1
2,2016,1
2,2017,0.45985261
2,2019,0.476475373
2,2020,0.148330092
