rgn_id,year,pressure_score
1,2009,0.488252902
1,2010,0.515171636
1,2011,0.507748889
1,2012,0.503289048
1,2013,0.506144114
2,2009,0.262147282
2,2010,0.292233966
2,2011,0.297629752
2,2012,0.288037197
2,2013,0.261159756
