rgn_id,year,pressure_score
1,2012,0.00362362742622387
1,2013,0.00422487863833048
1,2014,0.00457206604638958
1,2015,0.00430499214165441
1,2016,0.00407430833709161
2,2012,0.00362362742622387
2,2013,0.00422487863833048
2,2014,0.00457206604638958
2,2015,0.00430499214165441
2,2016,0.00407430833709161
