rgn_id,year,pressure_score
1,2007,0.7975819
1,2017,0.6615468
2,2007,0.8882114
2,2017,0.5898572
