rgn_id,year,pressure_score
1,2015,0.39797245
2,2015,0.39797245
