rgn_id,year,pressure_score
1,2015,0.387900221314158
2,2015,0.387900221314158
