rgn_id,pressures.score
1,0.347826087
2,0.347826087
