rgn_id,pressures.score
1,0.017232068
2,0.017232068
