rgn_id,score
1,-0.00760087243876592
2,-0.00760087243876592
