rgn_id,score
1,-0.020017797
2,-0.020017797
