rgn_id,year,value
6,2013,0.555771907253878
7,2013,0.555771907253878
