rgn_id,year,value
1,2013,0.555771907253878
2,2013,0.555771907253878
