rgn_id,year,value
6,2010,0.43425052
6,2011,0.3885894
6,2012,0.3895604
6,2013,0.3434994
6,2014,0.3287497
6,2015,0.308828
6,2016,0.2755
6,2017,0.290058405
6,2018,0.312993256
6,2019,0.337277215
7,2010,0.44327527
7,2011,0.3537454
7,2012,0.3497308
7,2013,0.3662092
7,2014,0.3079768
7,2015,0.3334624
7,2016,0.2523
7,2017,0.282722001
7,2018,0.305076764
7,2019,0.328746513