rgn_id,year,value
1,2010,0.43425052
1,2011,0.3885894
1,2012,0.3895604
1,2013,0.3434994
1,2014,0.3287497
1,2015,0.308828
1,2016,0.2755
1,2017,0.290058405
1,2018,0.312993256
1,2019,0.337277215
2,2010,0.44327527
2,2011,0.3537454
2,2012,0.3497308
2,2013,0.3662092
2,2014,0.3079768
2,2015,0.3334624
2,2016,0.2523
2,2017,0.282722001
2,2018,0.305076764
2,2019,0.328746513