rgn_id,year,trend
6,2013,-1
6,2014,0.52977114
6,2015,0.85527967
6,2016,1
6,2017,1
7,2013,-1
7,2014,-0.09233033
7,2015,1
7,2016,1
7,2017,1
