rgn_id,year,trend
6,2010,0.000438673
7,2010,-0.012658232
