rgn_id,year,trend
6,2016,0.309731250133324
7,2016,0.309731250133324
