rgn_id,year,trend
1,2010,0.148796161
2,2010,0.084833536
