rgn_id,year,pressure_score
1,2007,0.148672592461996
1,2008,0.146693231432118
1,2009,0.151793690085589
1,2010,0.153935564045626
1,2011,0.158576657305679
1,2012,0.166077842987536
1,2013,0.17086333279541
1,2014,0.175336508232153
1,2015,0.182813624496061
2,2007,0.148672592461996
2,2008,0.146693231432118
2,2009,0.151793690085589
2,2010,0.153935564045626
2,2011,0.158576657305679
2,2012,0.166077842987536
2,2013,0.17086333279541
2,2014,0.175336508232153
2,2015,0.182813624496061
