rgn_id,resilience.score
6,0.909090909090909
7,0.909090909090909
