rgn_id,value
1,0.666667
2,0.666667
