rgn_id,value
1,0.467678295282289
2,0.467678295282289
