rgn_id,value
1,0.916667
2,0.666667
