rgn_id,value
6,0.555771907253878
7,0.555771907253878
