rgn_id,value
6,0.467678295282289
7,0.467678295282289
