rgn_id,resilience.score
6,0.888888888889
7,0.888888888889
