rgn_id,habitat,year,km2
6,soft_bottom,2012,33265.6165292852
7,soft_bottom,2012,33265.6165292852
