rgn_id,habitat,year,km2
6,mangrove,2015,959.695372
6,mangrove_inland1km,2015,416.070791
6,mangrove_offshore,2015,112.836985
7,mangrove,2015,959.695372
7,mangrove_inland1km,2015,416.070791
7,mangrove_offshore,2015,112.836985
