rgn_id,habitat,year,health
6,mangrove,2012,0.741379310344828
7,mangrove,2012,0.741379310344828
