rgn_id,habitat,year,trend
6,mangrove,2006,-1.149445215
6,mangrove,2016,-1.12482663
7,mangrove,2006,-0.821058159
7,mangrove,2016,-0.619246247
