rgn_id,habitat,year,km2
1,soft_bottom,2012,33265.6165292852
2,soft_bottom,2012,33265.6165292852
