rgn_id,year,resilience_score
6,2010,0.521666222714286
6,2011,0.546127207714286
6,2012,0.563100577571429
6,2013,0.596870015857143
6,2014,0.564559806970647
6,2015,0.581823998142857
6,2016,0.565003784285714
6,2017,0.559188725571429
7,2010,0.521666222714286
7,2011,0.546127207714286
7,2012,0.563100577571429
7,2013,0.596870015857143
7,2014,0.564559806970647
7,2015,0.581823998142857
7,2016,0.565003784285714
7,2017,0.559188725571429
