rgn_id,resilience.score
6,0.768636690874
7,0.768636690874
