rgn_id,year,status
1,2015,84.78866161
1,2016,90.70160954
1,2017,92.4674481
1,2018,98.99246683
2,2015,86.38446361
2,2016,91.87536528
2,2017,93.07118724
2,2018,98.99246683
