rgn_id,year,taxa_code,sust_coeff
6,2012,Blue shrimp_492,0.372222222
6,2012,Red drum_493,0.37
6,2012,Scallops nei_494,0.833333333
6,2012,Whiteleg shrimp_495,0.37
7,2012,Blue shrimp_492,0.372222222
7,2012,Red drum_493,0.37
7,2012,Scallops nei_494,0.833333333
7,2012,Whiteleg shrimp_495,0.37
