rgn_id,year,product,weight
6,2015,corals,0.00251589613417873
6,2015,fish_oil,0.974597622788037
6,2015,ornamentals,0.00440124636111238
6,2015,seaweeds,0.018485234716672
7,2015,corals,0.00251589613417873
7,2015,fish_oil,0.974597622788037
7,2015,ornamentals,0.00440124636111238
7,2015,seaweeds,0.018485234716672
