rgn_id,year,pressure_score
6,2013,0.405038639
7,2013,0.355688407
