rgn_id,year,pressure_score
1,2012,0.224053022532828
1,2013,0.264891665957294
1,2014,0.246779025613797
1,2015,0.232839045610045
1,2016,0.223722947742675
2,2012,0.224053022532828
2,2013,0.264891665957294
2,2014,0.246779025613797
2,2015,0.232839045610045
2,2016,0.223722947742675
