rgn_id,year,pressure_score
1,2012,0.104857200285375
1,2013,0.106101039596822
1,2014,0.105522915465741
1,2015,0.105114162117914
1,2016,0.104861042054556
2,2012,0.104857200285375
2,2013,0.106101039596822
2,2014,0.105522915465741
2,2015,0.105114162117914
2,2016,0.104861042054556
