rgn_id,year,pressure_score
1,2012,0.132008730593918
1,2013,0.149041065263012
1,2014,0.160284779843014
1,2015,0.151794737743223
1,2016,0.144345155016359
2,2012,0.132008730593918
2,2013,0.149041065263012
2,2014,0.160284779843014
2,2015,0.151794737743223
2,2016,0.144345155016359
