rgn_id,year,pressure_score
6,2013,0.252427827
7,2013,0.18061904
