rgn_id,year,pressure_score
6,2013,0.25839225
7,2013,0.18061904
