rgn_id,year,pressure_score
6,1990,0.479805546
6,2001,0.31839839
6,2010,0.069613388
7,1990,0.49590197
7,2001,0.434241589
7,2010,0.058687224