rgn_id,year,pressure_score
1,1990,0.479805546
1,2001,0.31839839
1,2010,0.069613388
2,1990,0.49590197
2,2001,0.434241589
2,2010,0.058687224