rgn_id,year,pressure_score
6,2015,0.387900221314158
7,2015,0.387900221314158
