rgn_id,year,resilience_score
1,2014,0.681291666666667
1,2015,0.6859
1,2016,0.688591666666667
1,2017,0.69295
1,2018,0.701983333333333
2,2014,0.681291666666667
2,2015,0.6859
2,2016,0.688591666666667
2,2017,0.69295
2,2018,0.701983333333333
