rgn_id,pressures.score
6,0.011915344143004
7,0.011915344143004
