rgn_id,pressures.score
1,0.011915344143004
2,0.011915344143004
