rgn_id,year,score
1,2012,0.847376871630845
1,2013,0.845778051109871
1,2014,0.844179230588897
1,2015,0.842580410067923
1,2016,0.840981589546949
1,2017,0.839382769025974
1,2018,0.837783948505
2,2012,0.847376871630845
2,2013,0.845778051109871
2,2014,0.844179230588897
2,2015,0.842580410067923
2,2016,0.840981589546949
2,2017,0.839382769025974
2,2018,0.837783948505
