rgn_id,score
6,-0.00760087243876592
7,-0.00760087243876592
