rgn_id,year,score
1,2019,0.948249027
2,2019,0.948249027
