rgn_id,score
1,-0.004867257
2,-0.004867257
