rgn_id,year,pressure_score
1,2014,0.318708333333333
1,2015,0.3141
1,2016,0.311408333333333
1,2017,0.30705
1,2018,0.298016666666667
2,2014,0.318708333333333
2,2015,0.3141
2,2016,0.311408333333333
2,2017,0.30705
2,2018,0.298016666666667
