rgn_id,year,pressure_score
1,2017,0.467843768822858
2,2017,0.413719774133264
