rgn_id,year,status
6,2015,84.78866161
6,2016,90.70160954
6,2017,92.4674481
6,2018,98.99246683
7,2015,86.38446361
7,2016,91.87536528
7,2017,93.07118724
7,2018,98.99246683
